{"cameraMode":{"drawMode":0,"name":"Shaded","section":"Shading Mode"},"sceneLighting":false,"audioPlay":false,"sceneViewState":{"showFog":true,"showMaterialUpdate":false,"showSkybox":true,"showFlares":true,"showImageEffects":true,"showParticleSystems":true},"in2DMode":false,"pivot":{"x":16.273340225219728,"y":0.580009937286377,"z":-3.6929614543914797},"rotation":{"x":0.1420746147632599,"y":-0.10668394714593888,"z":0.015403919853270054,"w":0.983969509601593},"size":16.261722564697267,"orthographic":false}