{"cameraMode":{"drawMode":0,"name":"Shaded","section":"Shading Mode"},"sceneLighting":false,"audioPlay":false,"sceneViewState":{"showFog":true,"showMaterialUpdate":false,"showSkybox":true,"showFlares":true,"showImageEffects":true,"showParticleSystems":true},"in2DMode":false,"pivot":{"x":2.2865610122680666,"y":0.8769999742507935,"z":-1.0017732381820679},"rotation":{"x":0.1420746147632599,"y":-0.10668394714593888,"z":0.015403919853270054,"w":0.983969509601593},"size":2.8578836917877199,"orthographic":false}